"id","เขต","เพศ","age0","age1","age2","age3","age4","age5","age6","age7","age8","age9","age10","age11","age12","age13","age14","age15","age16","age17","age18","age19","age20","age21","age22","age23","age24","age25","age26","age27","age28","age29","age30","age31","age32","age33","age34","age35","age36","age37","age38","age39","age40","age41","age42","age43","age44","age45","age46","age47","age48","age49","age50","age51","age52","age53","age54","age55","age56","age57","age58","age59","age60","age61","age62","age63","age64","age65","age66","age67","age68","age69","age70","age71","age72","age73","age74","age75","age76","age77","age78","age79","age80","age81","age82","age83","age84","age85","age86","age87","age88","age89","age90","age91","age92","age93","age94","age95","age96","age97","age98","age99","age100","over100","เกิดปีจันทรคติ","ทะเบียนบ้านกลาง","สัญชาติอื่น","อยู่ระหว่างย้าย","จำนวนประชากรทั้งหมด","adddate","updatedate"
"102","","หญิง","362","441","449","437","493","580","633","654","635","631","631","685","683","752","794","715","721","717","834","713","780","840","896","878","770","823","754","757","725","708","668","631","651","671","696","700","771","778","796","781","839","872","893","862","918","916","901","919","928","960","984","922","931","915","1012","881","842","760","822","733","703","671","670","501","566","523","473","471","481","398","365","306","252","241","234","223","200","204","145","186","158","160","155","119","94","85","71","60","49","52","35","23","30","19","6","6","7","5","4","2","1","4","0","274","310","831","55817","2020-11-18","2020-11-18"
"101","บางบอน","ชาย","402","464","495","520","591","536","669","641","639","678","664","723","700","770","771","739","799","744","819","747","760","844","889","831","838","787","826","704","729","691","693","620","626","659","655","614","695","695","720","728","737","741","723","724","716","761","782","804","854","768","836","827","800","767","876","798","762","659","715","589","581","573","505","427","461","409","417","356","326","312","275","211","185","151","162","143","139","138","119","103","103","77","82","53","57","27","36","33","23","16","18","15","9","8","2","4","1","2","6","2","2","1","0","315","351","912","51102","2020-11-18","2020-11-18"
"100","","หญิง","463","543","527","565","604","602","657","671","639","675","667","715","734","737","723","755","748","740","856","720","780","968","936","987","864","803","890","862","819","838","847","781","777","882","880","980","945","1055","1131","1048","1085","1108","1060","1057","1096","1048","1097","1184","1170","1087","1127","1122","1021","1046","1081","1079","954","967","956","881","875","803","760","747","734","631","596","594","587","527","458","395","361","364","340","307","261","298","196","231","218","213","156","166","119","116","99","74","77","58","53","34","22","18","15","9","7","3","3","5","4","6","0","342","285","40","64847","2020-11-18","2020-11-18"
"99","ทุ่งครุ","ชาย","442","599","558","609","662","673","676","666","630","680","695","748","743","777","813","734","790","772","858","777","823","850","854","880","924","848","812","807","770","746","784","699","718","805","853","889","897","917","1018","1020","934","974","1015","937","940","883","884","946","920","912","895","880","913","916","884","799","853","772","774","695","683","632","614","516","527","515","448","409","373","394","343","261","272","230","223","199","170","183","126","148","120","120","106","102","74","60","49","35","32","23","19","16","11","6","7","3","2","4","0","3","2","4","0","430","358","55","57449","2020-11-18","2020-11-18"
"98","","หญิง","245","287","288","306","296","328","354","349","343","396","391","399","424","392","414","399","401","416","530","494","484","560","573","610","577","553","579","535","585","532","531","477","507","522","556","562","578","584","590","621","619","622","630","622","681","667","684","726","749","723","739","706","698","751","748","777","739","693","753","714","716","686","618","598","603","527","497","429","434","384","328","299","281","240","216","224","208","198","148","147","182","134","130","123","99","92","101","77","65","53","46","27","25","20","10","19","4","4","1","4","3","2","0","102","221","40","41974","2020-11-18","2020-11-18"
"97","ทวีวัฒนา","ชาย","230","307","293","319","341","355","394","411","381","393","398","415","432","399","465","492","440","406","489","417","469","541","580","625","554","572","532","538","504","494","511","462","527","512","483","496","491","491","539","590","542","536","532","532","514","526","548","561","553","568","576","526","550","573","601","582","599","568","525","593","542","519","475","480","449","422","364","373","307","296","258","239","209","196","161","146","140","121","109","121","101","101","88","68","62","61","45","18","32","16","18","20","5","10","7","7","4","5","5","3","2","3","0","134","241","44","36420","2020-11-18","2020-11-18"
"96","","หญิง","247","306","299","300","349","346","401","406","364","404","407","417","457","441","439","435","433","515","549","470","510","577","611","644","588","616","651","689","607","679","676","641","648","721","761","709","737","806","804","837","778","784","795","772","741","718","773","788","793","804","805","750","783","783","781","816","832","769","723","713","708","689","599","543","616","525","513","522","457","447","363","332","322","272","282","283","236","232","203","225","207","176","179","153","137","104","111","97","69","53","66","56","34","32","29","15","16","16","7","12","3","14","0","532","303","200","47988","2020-11-18","2020-11-18"
"95","บางนา","ชาย","242","306","323","355","343","377","417","424","424","450","434","454","491","501","495","470","521","462","504","490","537","619","695","642","603","601","628","653","644","557","609","516","561","587","637","662","633","678","667","671","642","699","655","635","616","643","589","632","640","623","648","655","639","579","692","685","606","596","631","620","539","479","467","454","401","390","357","359","359","344","299","218","233","200","191","184","154","146","140","132","143","95","90","83","92","79","61","48","43","32","39","24","19","13","11","12","9","8","5","9","3","12","0","869","492","215","42160","2020-11-18","2020-11-18"
"94","","หญิง","895","998","1067","1113","1148","1139","1269","1230","1180","1256","1233","1196","1263","1225","1294","1265","1332","1265","1414","1218","1324","1423","1500","1537","1423","1424","1418","1412","1398","1360","1311","1334","1506","1576","1564","1663","1858","1940","1965","1981","1962","1931","1999","1932","1953","1864","2001","2125","2080","1991","2052","1938","1893","1893","1710","1514","1511","1345","1346","1242","1017","954","906","843","764","705","672","608","583","527","493","447","389","351","326","275","302","286","222","245","218","186","204","150","120","117","109","97","69","54","54","44","21","19","21","12","18","5","3","0","2","7","0","474","217","70","104405","2020-11-18","2020-11-18"
"93","คลองสามวา","ชาย","1000","1023","1091","1182","1190","1180","1304","1332","1192","1261","1239","1335","1367","1359","1401","1426","1277","1263","1391","1331","1349","1366","1429","1382","1305","1292","1310","1221","1241","1096","1169","1166","1236","1338","1279","1447","1505","1604","1562","1666","1572","1646","1606","1632","1647","1594","1739","1741","1816","1795","1856","1737","1628","1586","1495","1433","1249","1209","1152","1026","897","862","780","691","646","595","513","450","453","410","340","316","265","226","241","221","207","196","165","168","121","113","95","80","73","63","55","38","38","28","19","12","15","15","7","3","4","1","1","2","3","3","0","530","302","85","93614","2020-11-18","2020-11-18"
"92","","หญิง","292","438","416","446","488","544","520","571","535","621","623","728","739","664","676","637","621","667","690","657","650","771","747","784","722","727","723","736","730","733","698","666","739","762","885","929","983","1024","1051","1066","1090","1057","1086","1020","1069","970","1058","1139","1089","1025","1016","1002","920","943","961","952","891","863","868","811","758","754","696","707","689","628","576","629","533","492","495","432","417","335","367","337","307","295","237","263","234","237","205","206","176","162","133","118","108","75","69","65","42","48","23","16","12","8","10","5","6","10","0","533","304","96","60377","2020-11-18","2020-11-18"
"91","วังทองหลาง","ชาย","349","400","431","469","480","476","560","531","540","592","671","779","745","671","704","652","679","640","709","618","648","690","735","755","707","742","734","729","679","652","640","627","683","712","678","781","778","791","851","821","821","839","849","768","802","812","839","889","844","771","847","734","708","735","789","728","728","664","652","660","628","541","525","485","505","463","495","389","408","393","307","277","246","236","237","226","193","206","154","169","144","175","136","100","91","86","68","70","38","41","31","35","30","15","5","5","12","6","7","3","5","4","0","638","367","113","50916","2020-11-18","2020-11-18"
"90","","หญิง","349","457","452","492","483","462","488","488","500","528","512","560","569","620","605","580","581","604","658","557","586","683","688","762","726","701","661","726","700","648","666","626","656","719","774","739","847","876","944","953","835","849","809","784","789","799","838","900","856","850","880","872","839","799","858","826","781","778","841","795","701","711","623","645","619","553","543","517","454","445","379","344","317","267","242","235","219","199","177","164","152","132","130","119","107","92","97","72","51","51","48","43","36","15","17","8","13","9","5","2","5","4","0","265","194","40","51865","2020-11-18","2020-11-18"
"89","สะพานสูง","ชาย","397","432","464","490","505","488","527","479","537","526","553","613","616","629","613","604","567","553","588","545","577","675","680","676","659","639","569","613","615","553","591","556","603","637","637","630","646","734","724","712","721","749","709","680","710","676","679","677","679","651","694","682","615","657","645","597","627","578","604","537","513","496","530","455","451","455","406","379","360","346","306","266","200","167","179","159","141","146","91","110","109","72","93","71","50","39","52","27","18","21","22","10","11","9","4","3","4","1","2","1","3","1","0","241","273","59","43971","2020-11-18","2020-11-18"
"88","","หญิง","311","365","344","355","394","403","499","470","474","461","498","505","511","506","511","514","549","566","551","518","556","629","623","650","614","646","620","615","600","549","587","563","617","640","681","740","730","756","827","797","760","802","767","754","768","738","864","877","826","812","864","802","823","779","825","789","762","702","797","670","636","559","565","543","514","505","460","461","406","414","360","277","267","244","257","232","206","190","174","187","176","144","167","131","117","105","77","66","57","60","41","37","27","13","7","13","13","2","7","3","2","10","0","2859","721","1249","51687","2020-11-18","2020-11-18"
"87","คันนายาว","ชาย","345","384","397","386","439","458","473","491","477","497","486","496","520","583","526","490","523","567","574","521","547","590","626","626","618","566","579","550","565","507","567","540","561","535","602","561","605","644","660","682","653","665","652","651","662","643","654","687","646","697","675","680","605","629","628","582","640","568","560","512","463","455","451","387","427","356","358","364","299","266","258","219","193","205","159","152","141","125","133","127","102","81","83","64","70","56","50","33","34","26","22","19","20","10","3","5","3","3","0","2","1","1","0","3084","805","1332","45500","2020-11-18","2020-11-18"
"86","","หญิง","833","886","881","991","1039","1029","1275","1116","1098","1103","1112","1104","1105","1105","1183","1173","1240","1165","1218","1197","1281","1485","1464","1500","1393","1402","1452","1373","1378","1334","1300","1343","1519","1519","1627","1653","1783","1842","1874","1886","1918","1847","1770","1733","1840","1875","1942","1920","1994","2000","2040","1930","1895","1991","1892","1721","1705","1647","1613","1550","1273","1264","1215","1099","1096","947","936","882","802","741","652","606","566","515","483","449","481","447","316","411","373","314","267","238","220","172","160","125","90","90","79","57","50","33","31","19","20","12","10","10","6","15","0","947","260","563","108426","2020-11-18","2020-11-18"
"85","สายไหม","ชาย","913","948","1002","986","1065","1105","1186","1242","1153","1140","1176","1186","1198","1115","1277","1245","1183","1127","1296","1252","1386","1462","1563","1563","1366","1314","1409","1346","1287","1245","1229","1214","1285","1341","1349","1457","1479","1487","1686","1652","1462","1574","1540","1529","1540","1511","1619","1670","1615","1551","1667","1562","1632","1661","1646","1509","1438","1330","1338","1169","1052","952","946","805","779","695","645","643","593","570","481","463","392","384","327","307","269","280","251","232","227","182","186","152","141","112","90","82","68","43","39","42","27","21","20","9","6","2","5","6","4","5","0","1107","391","595","96106","2020-11-18","2020-11-18"
"84","","หญิง","322","332","364","381","390","420","475","393","426","407","458","495","510","497","522","516","504","515","544","578","577","689","702","708","676","665","667","681","730","647","692","656","711","716","696","787","834","836","878","860","880","882","919","929","876","859","882","893","928","905","925","886","855","870","895","941","921","894","891","866","819","777","809","731","745","701","656","663","602","638","523","479","474","383","372","359","331","324","266","297","264","233","217","165","139","105","146","103","85","93","62","55","43","35","20","31","17","15","12","6","3","14","0","372","160","88","54786","2020-11-18","2020-11-18"
"83","หลักสี่","ชาย","316","402","381","382","414","420","473","465","418","432","453","457","483","512","467","526","523","532","570","546","584","1312","1178","825","763","715","774","735","725","674","668","625","697","719","704","683","751","767","768","782","729","768","819","781","808","790","734","765","778","758","727","693","672","666","736","725","734","710","688","676","663","544","562","514","496","519","459","479","468","396","372","324","307","307","268","283","239","249","194","200","177","159","129","122","103","88","87","44","46","36","37","27","25","19","17","10","7","5","7","2","2","8","0","798","178","437","49791","2020-11-18","2020-11-18"
"82","","หญิง","653","758","723","768","781","869","916","871","837","880","885","913","934","1017","1033","1024","1040","1029","1176","1147","1162","1349","1433","1491","1446","1428","1410","1381","1412","1268","1272","1258","1293","1395","1401","1425","1513","1558","1606","1653","1575","1622","1692","1583","1666","1597","1654","1694","1659","1753","1840","1760","1812","1840","1742","1778","1773","1692","1661","1633","1494","1423","1436","1278","1351","1208","1132","1082","973","976","791","700","680","612","547","529","485","506","388","444","419","411","363","298","261","225","228","181","139","127","131","98","55","49","31","24","18","16","13","8","1","12","0","793","502","321","103193","2020-11-18","2020-11-18"
"81","บางแค","ชาย","719","762","786","809","810","861","916","866","888","1004","978","992","1039","1041","1106","1076","1074","1086","1246","1112","1219","1402","1422","1568","1395","1394","1385","1388","1343","1328","1253","1210","1284","1321","1266","1340","1345","1420","1432","1467","1354","1365","1460","1333","1296","1296","1371","1422","1350","1375","1452","1396","1380","1428","1452","1410","1396","1342","1339","1253","1200","1093","1058","966","951","830","763","790","708","666","560","539","412","419","370","347","323","338","266","254","282","225","222","157","127","119","87","91","68","58","44","27","12","26","22","13","11","6","5","7","3","7","0","935","564","328","90122","2020-11-18","2020-11-18"
"80","","หญิง","208","232","284","265","280","304","338","265","317","297","336","309","335","369","323","372","338","389","369","351","390","400","416","439","424","430","411","434","433","399","445","452","438","512","502","551","557","580","662","590","635","606","562","569","550","589","611","622","590","587","547","532","529","552","540","518","529","536","560","486","502","453","495","444","523","456","446","398","437","418","355","369","317","299","272","292","236","250","234","241","203","184","205","196","179","157","134","118","124","115","114","89","84","61","56","39","30","29","35","21","18","59","0","6810","1577","298","45368","2020-11-18","2020-11-18"
"79","วัฒนา","ชาย","202","265","278","288","289","294","302","307","289","329","331","318","327","322","355","359","358","348","377","364","332","391","369","397","360","419","396","431","393","418","413","420","446","445","457","461","437","480","480","466","459","471","461","454","420","420","435","497","478","457","463","436","417","416","399","401","385","395","358","403","389","399","370","351","328","374","332","350","289","316","277","229","240","222","194","200","195","158","142","150","152","153","133","115","112","120","91","91","83","74","59","50","35","32","27","25","23","26","22","14","18","45","0","7427","2170","334","40274","2020-11-18","2020-11-18"
"78","","หญิง","357","410","458","475","500","523","609","566","555","605","646","630","602","663","644","706","641","608","673","639","633","742","815","805","764","777","726","802","762","696","759","764","808","879","989","1048","1123","1178","1172","1171","1212","1103","1174","1067","1071","1087","1074","1088","1093","1083","1038","1007","993","980","993","966","1011","975","984","931","869","946","871","840","853","795","810","760","776","721","634","609","544","497","446","387","337","358","260","290","262","254","208","188","180","146","130","108","114","98","80","63","48","44","29","27","20","13","9","5","4","11","0","390","271","179","65337","2020-11-18","2020-11-18"
"77","ลาดพร้าว","ชาย","367","430","449","460","586","561","566","543","605","551","616","657","641","654","667","652","633","614","717","615","610","686","720","767","693","701","731","746","709","635","694","703","720","789","800","841","908","961","1006","1044","961","965","972","889","858","867","906","915","863","854","850","773","753","782","739","756","704","718","730","687","659","617","626","623","592","582","522","525","528","513","409","366","384","299","300","283","260","239","209","220","185","153","150","122","81","89","78","55","46","32","34","28","20","12","4","8","2","1","1","6","3","2","0","446","268","200","54372","2020-11-18","2020-11-18"
"76","","หญิง","164","207","195","239","238","243","246","261","244","249","290","271","301","291","310","311","363","313","452","581","604","670","654","575","472","483","409","408","431","427","473","411","388","394","399","394","419","423","459","403","481","429","459","394","390","398","433","443","413","455","448","471","444","512","519","500","504","511","489","497","439","379","396","396","378","349","359","303","325","302","308","259","243","198","191","159","187","186","153","183","149","151","153","157","124","114","105","96","68","72","53","52","41","41","41","35","23","14","20","12","8","27","0","4636","459","857","37456","2020-11-18","2020-11-18"
"75","ราชเทวี","ชาย","152","209","229","185","223","234","244","244","224","280","260","249","267","278","274","303","283","326","307","329","385","558","682","540","452","461","444","419","400","441","420","356","369","375","382","393","422","403","428","439","428","388","441","385","430","363","370","394","399","409","417","441","449","397","434","442","462","467","452","470","392","352","326","316","321","275","278","302","245","228","212","191","159","154","138","143","114","127","107","96","109","118","94","89","81","55","76","64","69","42","39","38","33","30","21","27","26","16","19","17","15","33","0","4862","644","1096","34496","2020-11-18","2020-11-18"
"74","","หญิง","617","626","638","666","696","753","873","819","795","843","843","846","900","855","909","927","861","944","970","936","1000","1167","1178","1191","1119","1090","1124","1162","1117","1121","1118","1101","1166","1261","1238","1393","1383","1443","1468","1494","1332","1496","1413","1435","1374","1382","1475","1494","1533","1489","1558","1445","1439","1480","1485","1480","1420","1295","1379","1286","1143","991","1048","962","883","874","841","790","711","660","595","454","477","416","391","337","315","325","262","285","286","228","245","205","175","126","119","107","84","77","68","43","40","35","21","17","9","13","5","8","4","11","0","732","163","91","85013","2020-11-18","2020-11-18"
"73","ดอนเมือง","ชาย","648","693","693","702","746","837","908","890","882","872","907","910","924","853","905","926","938","891","1109","1276","1386","2071","3237","1758","1490","1378","1382","1349","1307","1274","1179","1219","1261","1256","1257","1334","1355","1361","1378","1304","1202","1240","1290","1287","1218","1152","1149","1281","1253","1257","1332","1314","1188","1177","1300","1201","1180","1148","1099","956","917","839","765","763","691","625","593","584","545","440","434","368","366","305","316","277","249","224","177","217","154","167","144","115","114","84","104","62","64","53","41","30","12","18","14","11","7","10","10","7","1","6","0","963","330","760","84246","2020-11-18","2020-11-18"
"72","","หญิง","507","558","554","578","604","618","640","679","634","642","706","745","720","797","790","776","790","814","947","873","902","1063","1070","1162","1056","1108","1120","1059","1080","1032","998","1048","1000","1127","1133","1087","1116","1120","1144","1136","1142","1151","1197","1142","1163","1103","1181","1218","1203","1173","1190","1212","1165","1219","1305","1332","1311","1197","1257","1270","1130","1137","1067","1023","992","970","965","908","804","814","706","567","509","471","490","450","470","407","339","377","383","327","303","249","219","199","176","154","131","108","97","96","66","45","33","25","26","20","14","7","12","25","0","841","500","876","79192","2020-11-18","2020-11-18"
"71","จอมทอง","ชาย","528","587","593","582","630","687","763","680","710","718","756","751","724","773","786","774","856","854","916","882","929","1059","1012","1096","1013","1077","1050","1097","1018","1024","1078","969","998","1040","1088","1117","1102","1094","1136","1084","1068","1082","1094","985","954","1043","997","1110","1108","1029","1097","1065","1014","1075","1065","1038","1041","1053","1044","1041","901","942","878","779","804","725","711","690","597","590","512","430","381","349","335","306","289","268","239","277","221","201","206","156","140","107","114","89","75","60","42","31","34","17","16","13","17","11","12","4","8","7","0","1146","635","983","71982","2020-11-18","2020-11-18"
"70","","หญิง","447","574","623","592","624","562","669","597","608","610","657","694","686","691","661","668","748","690","749","691","724","826","821","819","797","790","864","865","875","852","889","939","971","1142","1130","1181","1190","1207","1260","1250","1243","1223","1212","1127","1109","1014","1078","1145","1121","1088","1064","985","1014","978","929","926","914","823","847","837","778","794","698","729","738","703","651","592","629","565","566","495","422","348","382","340","323","326","249","303","237","207","190","203","173","145","141","110","92","73","61","55","33","33","32","17","21","10","4","2","4","15","0","588","424","245","66656","2020-11-18","2020-11-18"
"69","สวนหลวง","ชาย","560","573","624","576","643","603","635","614","622","682","643","736","716","724","718","662","675","701","759","641","745","791","748","770","746","784","834","833","851","777","840","760","867","910","903","971","941","1041","996","1043","913","978","957","854","944","851","900","812","877","799","796","779","724","779","763","703","710","676","665","636","569","534","511","512","484","449","482","436","453","391","354","343","299","276","270","233","220","218","164","196","163","134","118","104","105","79","67","43","33","35","26","24","7","21","10","11","3","4","3","1","4","8","0","705","645","249","56370","2020-11-18","2020-11-18"
"68","","หญิง","295","365","357","401","391","383","477","457","463","467","445","502","452","471","516","510","461","540","580","485","537","595","694","658","701","684","652","645","695","659","664","640","720","727","729","790","823","837","846","784","799","833","777","773","739","748","800","846","722","761","772","778","752","819","794","813","805","763","756","715","645","633","597","600","555","527","520","525","476","478","437","379","319","276","277","311","255","198","213","213","213","183","164","171","166","138","138","111","79","79","60","50","38","29","27","21","11","16","10","6","9","15","0","3539","632","131","53133","2020-11-18","2020-11-18"
"67","คลองเตย","ชาย","362","385","409","397","450","454","520","435","457","482","462","468","464","500","484","537","512","542","536","549","540","584","639","651","596","667","653","627","637","663","686","623","670","715","754","689","746","803","799","776","772","664","757","670","644","630","650","616","666","639","685","676","648","681","688","655","653","595","628","603","585","509","491","436","463","426","412","386","348","382","320","261","244","225","198","164","145","149","138","127","139","121","119","85","87","70","70","53","38","36","40","24","18","19","12","9","4","7","13","12","1","14","1","3606","1081","179","48410","2020-11-18","2020-11-18"
"66","","หญิง","846","949","946","1024","1031","985","1048","1111","964","1080","1102","1102","1051","1119","1082","1070","982","1068","1096","1059","1152","1208","1262","1288","1198","1159","1241","1225","1328","1203","1236","1115","1265","1389","1402","1569","1653","1717","1714","1808","1715","1756","1708","1722","1709","1606","1620","1575","1561","1573","1586","1437","1340","1377","1411","1268","1273","1196","1206","1141","1000","1069","990","854","883","848","902","822","730","723","591","539","516","461","405","421","373","363","314","311","268","265","223","187","177","151","151","118","101","81","71","62","47","26","18","28","13","13","11","9","10","8","0","848","499","323","94450","2020-11-18","2020-11-18"
"65","ประเวศ","ชาย","944","1007","986","1044","1051","1050","1211","1069","1043","1144","1035","1142","1113","1111","1131","1122","1186","1082","1207","1037","1074","1179","1113","1232","1165","1105","1173","1119","1126","1064","1118","1096","1055","1259","1198","1321","1352","1409","1565","1569","1487","1462","1516","1385","1350","1324","1379","1395","1402","1364","1325","1274","1130","1217","1150","1071","1011","953","944","845","764","784","763","688","693","608","583","562","550","525","474","379","364","302","302","284","251","270","184","234","200","170","117","130","115","84","95","71","46","39","28","19","24","24","14","17","5","10","5","4","1","13","0","946","719","389","83840","2020-11-18","2020-11-18"
"64","","หญิง","247","283","306","334","321","338","391","386","381","412","383","423","412","431","450","434","450","474","495","510","515","600","588","631","615","632","612","562","625","503","557","569","561","571","553","598","617","590","674","617","593","626","642","626","659","607","598","646","630","599","636","625","700","697","690","686","706","691","728","694","695","698","652","632","674","622","570","544","577","501","447","376","342","311","296","297","265","273","231","263","213","216","206","177","165","137","134","112","109","87","69","46","50","25","16","16","12","11","7","4","7","14","0","1709","419","317","46274","2020-11-18","2020-11-18"
"63","บางคอแหลม","ชาย","263","311","296","328","359","381","439","434","422","393","439","468","461","495","482","486","454","475","497","497","488","563","570","636","572","625","620","554","591","519","587","510","481","557","579","571","608","612","612","589","621","564","582","535","550","544","559","594","516","542","523","516","525","578","630","607","574","567","570","579","553","564","543","514","531","446","473","397","413","394","351","268","272","250","183","197","182","155","146","144","145","139","135","109","85","62","54","55","46","43","21","26","20","16","11","13","13","14","6","7","2","11","0","2011","562","332","42014","2020-11-18","2020-11-18"
"62","","หญิง","481","494","510","519","609","556","661","594","590","691","639","744","736","712","756","736","719","762","809","810","753","883","943","907","982","919","998","1006","1040","1058","1153","1083","1250","1322","1315","1351","1429","1499","1519","1474","1444","1472","1379","1347","1312","1332","1320","1387","1349","1324","1344","1252","1218","1221","1329","1296","1214","1224","1191","1192","1113","1100","1107","1091","1031","938","989","869","868","810","718","702","638","663","551","569","545","542","426","486","444","421","401","344","354","271","283","217","184","153","120","127","96","86","57","58","42","29","29","11","9","61","0","918","374","216","83220","2020-11-18","2020-11-18"
"61","จตุจักร","ชาย","463","556","543","544","636","660","649","652","642","696","703","721","724","731","744","788","890","994","1091","942","840","875","1012","894","916","905","930","992","999","1025","1054","1033","1083","1111","1152","1192","1219","1170","1284","1326","1251","1252","1228","1171","1056","1111","1128","1127","1145","1108","1115","1030","1060","1015","1056","1055","993","1024","966","982","891","849","834","725","764","739","691","665","631","611","558","481","434","396","322","348","311","338","269","308","295","267","309","237","229","184","163","121","97","90","72","66","48","29","37","26","19","14","10","11","6","55","0","1014","538","347","72703","2020-11-18","2020-11-18"
"60","","หญิง","382","336","397","376","428","437","505","476","430","502","507","553","539","551","572","562","627","593","655","608","630","755","804","851","803","793","806","869","863","890","868","871","863","953","894","916","971","928","977","1000","943","972","963","958","893","913","973","1009","972","971","1006","979","1000","1056","1063","1083","1063","1110","1036","1078","998","974","932","980","923","968","829","868","740","790","659","605","542","478","462","485","434","433","346","419","362","371","353","272","275","228","210","175","147","136","113","86","77","48","51","39","29","31","17","14","24","33","0","1773","312","71","66494","2020-11-18","2020-11-18"
"59","บางซื่อ","ชาย","347","371","379","398","442","458","481","485","518","553","553","583","570","567","660","627","621","604","651","650","643","750","722","796","772","795","850","830","863","817","787","846","822","863","935","899","889","887","893","868","881","887","831","847","826","784","843","889","838","811","842","801","846","882","920","833","881","821","876","868","831","767","713","667","699","638","605","606","580","503","431","425","398","349","373","314","314","291","264","279","239","243","209","170","164","163","148","115","84","71","57","63","53","30","27","25","22","16","17","17","14","38","0","2187","430","104","58805","2020-11-18","2020-11-18"
"58","","หญิง","194","251","245","272","275","274","325","262","305","314","307","325","343","363","385","381","376","355","407","404","411","455","453","479","484","465","465","476","474","477","499","499","473","545","556","542","538","595","594","535","607","619","625","566","580","583","583","604","607","559","568","637","599","625","652","683","645","633","706","634","609","647","637","619","612","627","532","582","470","522","455","368","331","282","303","302","272","232","229","264","232","220","215","197","173","161","144","100","93","108","80","75","53","28","23","25","20","18","12","10","7","27","0","855","901","67","41432","2020-11-18","2020-11-18"
"57","สาทร","ชาย","211","212","226","282","266","302","315","325","331","318","328","389","357","400","363","379","428","417","487","404","460","539","570","574","480","462","479","535","497","487","588","441","448","514","516","511","560","575","565","561","514","519","507","462","508","487","494","537","495","493","504","514","469","510","513","503","518","502","582","535","482","499","468","476","463","434","409","400","381","397","355","292","221","197","169","192","208","165","147","152","148","174","112","104","98","79","66","67","55","36","33","23","24","17","15","15","18","11","8","11","13","23","0","1022","1311","170","37428","2020-11-18","2020-11-18"
"56","","หญิง","479","576","535","594","608","643","703","664","647","708","728","780","724","780","849","808","776","812","862","786","876","987","1058","1001","935","996","1009","982","945","908","865","902","971","1045","1087","1206","1273","1293","1329","1393","1334","1370","1346","1392","1406","1311","1371","1410","1407","1333","1412","1255","1299","1352","1294","1369","1310","1273","1227","1189","1127","972","954","927","929","893","808","850","689","666","584","510","494","470","437","375","351","375","280","297","282","250","240","181","166","128","143","115","107","95","69","66","38","36","32","22","17","11","7","6","1","8","0","532","259","123","77705","2020-11-18","2020-11-18"
"55","บึงกุ่ม","ชาย","487","547","600","608","672","691","679","692","665","750","749","813","795","814","866","819","807","815","873","793","827","865","975","951","981","904","901","908","875","873","833","815","820","906","963","963","1009","1030","1106","1115","1078","1173","1073","1108","1137","1041","1143","1136","1110","1025","1119","1024","1023","1069","1018","1015","967","911","837","870","776","734","752","667","675","615","605","558","535","477","424","358","341","306","299","257","236","210","175","176","155","152","137","93","97","91","92","43","48","33","31","15","13","6","7","13","8","1","4","3","0","6","0","610","301","118","65285","2020-11-18","2020-11-18"
"54","","หญิง","336","394","381","445","468","490","527","517","491","505","562","608","602","595","614","642","636","629","723","734","750","875","799","880","848","827","814","765","770","715","829","729","767","924","864","889","908","901","997","938","955","940","1052","929","976","929","1024","989","981","984","1035","1026","1009","1099","1024","1045","1053","1046","1083","1028","955","980","946","869","896","825","750","770","738","704","632","541","498","478","429","449","370","389","326","356","313","306","286","251","231","191","192","147","130","88","98","59","54","40","33","15","11","17","7","7","7","15","0","1131","338","41","64804","2020-11-18","2020-11-18"
"53","ดินแดง","ชาย","353","410","400","407","488","524","517","562","559","531","546","624","594","661","636","719","654","629","731","706","748","765","846","924","800","766","796","752","822","821","765","715","706","799","801","861","818","851","892","866","852","857","797","851","793","768","807","835","791","801","865","781","818","829","850","841","829","804","751","813","739","681","653","617","671","618","570","567","517","463","416","397","316","338","314","284","249","231","221","189","178","190","163","141","116","95","97","81","57","41","50","27","21","19","21","13","12","12","9","10","2","19","0","1397","386","51","55957","2020-11-18","2020-11-18"
"52","","หญิง","283","270","280","303","313","337","363","336","313","327","324","321","350","358","368","380","411","421","488","434","456","581","634","670","604","611","619","600","642","595","606","578","592","617","674","712","714","733","782","769","741","805","834","719","730","678","760","731","771","783","776","741","754","860","846","782","814","809","782","839","733","729","757","737","744","658","602","680","630","565","562","449","462","413","441","401","334","357","316","334","309","275","245","245","202","170","162","140","123","103","87","70","63","42","42","33","19","25","9","9","5","19","0","359","241","69","49294","2020-11-18","2020-11-18"
"51","บางพลัด","ชาย","237","295","317","282","346","395","374","354","331","354","356","383","389","404","370","415","432","434","467","477","516","562","553","621","576","549","570","589","599","586","605","556","560","673","616","666","645","648","651","653","706","668","670","660","652","597","585","666","620","639","657","656","593","627","654","657","587","640","574","601","607","525","587","525","500","482","495","430","433","402","330","365","283","272","299","262","232","238","190","199","190","158","179","135","95","107","83","72","54","60","53","35","34","22","18","15","13","10","6","2","4","8","0","512","265","83","41984","2020-11-18","2020-11-18"
"50","","หญิง","277","334","323","325","311","382","399","415","386","406","426","431","419","438","481","499","502","479","488","504","491","590","585","579","546","570","590","531","595","534","504","488","570","582","625","612","617","622","675","632","626","661","659","652","641","622","654","704","676","649","654","670","613","689","690","686","658","590","677","648","579","570","565","508","543","486","484","475","418","423","345","304","317","278","263","226","220","223","186","208","179","149","149","135","134","94","98","78","83","54","47","42","22","24","16","15","5","6","7","8","2","7","0","462","241","108","42668","2020-11-18","2020-11-18"
"49","ราษฎร์บูรณะ","ชาย","279","337","357","362","405","418","437","414","391","403","414","458","464","450","485","515","485","477","499","491","533","557","548","549","587","570","588","520","591","513","510","533","493","548","534","547","548","619","604","634","564","641","656","623","618","529","686","614","633","653","642","621","603","640","588","566","532","567","519","513","484","414","401","358","405","428","337","351","330","294","262","238","207","192","164","158","161","154","117","129","136","102","89","76","75","61","55","37","34","29","37","20","16","8","11","11","7","3","3","4","5","7","0","592","317","144","39138","2020-11-18","2020-11-18"
"48","","หญิง","569","688","695","722","732","808","882","835","824","865","863","931","899","959","954","946","956","948","1024","939","995","1176","1227","1291","1191","1060","1100","1143","1094","1046","991","1022","1051","1130","1165","1313","1322","1342","1381","1430","1418","1423","1443","1454","1455","1430","1482","1463","1431","1369","1529","1434","1295","1456","1488","1313","1289","1286","1278","1216","1081","1042","1005","858","857","761","791","707","667","634","558","471","406","421","363","356","320","323","312","289","266","211","199","178","173","131","124","121","61","58","59","46","31","23","13","14","5","7","4","3","2","5","0","538","268","84","83307","2020-11-18","2020-11-18"
"47","หนองแขม","ชาย","619","686","699","763","789","867","915","876","896","912","942","961","925","932","993","1007","961","930","1010","960","1051","1101","1107","1159","1121","1132","1021","1130","1026","989","1019","891","955","1010","1072","1044","1109","1130","1226","1259","1193","1245","1211","1175","1196","1069","1218","1245","1186","1101","1188","1152","1127","1154","1166","1085","1016","1006","967","942","836","765","754","701","687","644","548","528","523","447","374","352","302","278","270","247","190","225","162","176","162","156","148","100","85","61","68","41","39","32","22","14","22","11","11","7","6","2","0","3","1","3","0","672","332","116","72960","2020-11-18","2020-11-18"
"46","","หญิง","380","425","467","511","529","532","607","580","540","580","565","623","582","599","679","628","691","632","701","639","729","841","910","935","891","874","865","877","862","857","922","791","896","962","941","933","972","1034","1089","1092","1098","1074","1065","1088","1002","953","1029","1058","1061","1002","1082","1034","1058","1131","1082","1103","1040","1019","1073","1004","987","945","917","830","832","845","787","707","706","685","561","498","453","446","445","398","339","371","329","332","312","287","278","230","166","160","160","134","109","92","79","57","45","44","35","23","16","19","3","4","7","13","0","765","298","285","66853","2020-11-18","2020-11-18"
"45","ภาษีเจริญ","ชาย","425","482","543","549","575","566","604","604","616","572","582","649","669","624","694","650","648","660","730","691","747","780","855","877","851","908","871","873","875","829","818","812","793","858","883","918","908","944","1038","995","961","930","910","911","935","845","876","909","883","833","835","856","901","889","894","883","847","831","814","779","746","725","694","621","646","603","562","582","506","464","397","366","327","289","289","288","252","244","221","214","198","175","173","142","113","87","92","61","60","56","31","29","18","20","18","16","9","5","2","1","2","11","0","1013","324","348","59128","2020-11-18","2020-11-18"
"44","","หญิง","819","931","939","964","1019","1115","1200","1143","1049","1082","1117","1160","1172","1199","1199","1236","1239","1172","1285","1187","1220","1387","1353","1354","1310","1295","1350","1262","1225","1256","1288","1218","1313","1440","1599","1543","1739","1705","1752","1745","1715","1855","1721","1709","1636","1652","1669","1692","1652","1603","1629","1568","1542","1536","1544","1376","1419","1302","1255","1225","1093","1099","956","936","939","859","770","741","699","614","566","446","395","404","355","327","284","302","250","281","255","236","220","166","136","124","125","90","76","70","64","69","39","22","24","14","14","10","5","5","7","7","0","425","418","224","97042","2020-11-18","2020-11-18"
"43","บางขุนเทียน","ชาย","846","941","945","1039","1118","1157","1264","1185","1136","1217","1197","1262","1304","1279","1335","1229","1258","1199","1274","1154","1157","1321","1252","1302","1236","1254","1190","1220","1182","1115","1149","1091","1108","1243","1305","1310","1362","1459","1528","1498","1492","1477","1600","1434","1413","1375","1414","1367","1480","1345","1375","1339","1295","1316","1265","1208","1118","1032","1092","994","939","830","790","730","747","693","600","552","548","491","437","349","285","289","281","237","215","201","173","189","171","124","114","117","73","62","62","59","32","30","28","31","15","12","14","6","10","2","4","6","4","12","0","475","460","285","86836","2020-11-18","2020-11-18"
"42","","หญิง","264","293","292","300","350","329","412","368","356","375","387","430","409","473","474","453","505","481","573","510","549","625","690","728","738","706","682","729","665","695","714","643","636","686","699","705","778","789","726","841","748","790","821","787","809","804","781","884","793","825","910","900","847","902","965","969","994","974","916","927","940","916","948","852","835","858","812","727","660","670","600","573","471","431","427","391","404","397","338","396","326","318","305","289","252","198","206","199","147","125","104","113","67","54","40","36","31","20","17","11","11","29","0","1596","282","652","57478","2020-11-18","2020-11-18"
"41","บางกอกน้อย","ชาย","281","326","317","320","324","344","380","424","360","396","427","439","438","441","473","471","507","505","594","564","628","1002","1523","991","787","790","690","736","701","682","670","666","658","674","693","683","743","726","698","733","732","676","699","712","696","658","733","759","708","630","737","714","676","746","736","749","742","778","757","778","725","731","713","648","602","536","549","507","517","496","431","363","347","310","287","284","213","246","210","210","219","216","209","171","161","165","120","102","86","79","51","57","60","33","23","18","21","15","19","13","8","23","0","2203","285","1436","52939","2020-11-18","2020-11-18"
"40","","หญิง","332","370","357","415","412","397","460","443","453","486","472","499","530","510","505","499","534","531","598","545","582","690","700","775","744","733","707","694","723","680","687","650","710","725","697","825","750","782","850","884","814","892","848","832","833","826","822","917","911","898","991","934","939","939","991","966","916","910","943","913","888","843","841","834","806","697","704","701","667","634","540","484","430","399","402","288","319","341","259","298","253","249","230","203","165","130","128","107","98","97","64","51","48","41","21","17","16","9","8","4","4","22","0","295","229","37","55872","2020-11-18","2020-11-18"
"39","ตลิ่งชัน","ชาย","291","374","357","420","461","435","495","514","513","505","508","570","496","547","542","542","541","554","672","562","638","716","704","780","731","702","689","685","749","681","672","660","665","687","674","702","728","774","795","768","748","777","793","727","703","692","759","731","730","713","720","753","711","784","820","760","782","715","724","692","650","627","695","624","600","571","531","446","437","438","412","356","341","287","265","259","230","247","183","167","183","169","144","117","116","74","87","52","51","38","29","28","21","10","7","7","6","3","8","7","4","15","0","390","257","53","49175","2020-11-18","2020-11-18"
"38","","หญิง","161","198","186","223","214","256","274","260","264","274","345","327","326","322","331","310","314","330","393","391","380","459","463","486","499","467","472","466","429","436","503","461","437","473","459","487","502","534","552","554","562","522","554","484","489","492","521","549","517","540","574","532","549","568","600","578","601","554","566","605","583","544","551","502","548","505","499","483","438","451","414","351","318","287","269","223","221","223","208","217","202","184","181","162","149","125","117","104","71","86","44","38","41","16","16","17","14","10","3","5","2","10","0","2045","686","227","38565","2020-11-18","2020-11-18"
"37","คลองสาน","ชาย","186","215","228","212","239","286","287","234","266","255","287","310","270","286","326","310","293","315","397","319","398","403","397","476","439","428","457","461","482","427","454","428","456","432","475","519","453","473","510","524","462","489","506","447","449","484","449","462","443","449","435","434","419","469","492","446","427","448","471","425","435","446","417","385","411","387","379","335","330","331","279","258","197","185","165","175","157","147","127","119","119","110","96","94","78","73","62","45","52","37","23","27","15","13","11","13","6","9","4","5","2","8","0","2216","823","281","33606","2020-11-18","2020-11-18"
"36","","หญิง","272","327","329","322","360","343","355","381","346","347","329","344","343","384","360","389","381","372","426","389","396","481","481","493","458","512","531","568","580","684","716","648","778","808","825","914","972","1004","933","908","899","883","788","774","760","660","732","716","664","620","639","646","599","586","639","591","538","613","569","544","550","541","498","526","523","459","501","469","437","438","345","352","255","245","254","261","241","235","162","188","164","164","170","121","120","91","107","80","69","58","34","52","38","27","23","14","12","12","11","8","5","15","0","995","359","190","44668","2020-11-18","2020-11-18"
"35","ห้วยขวาง","ชาย","279","358","355","340","363","366","402","343","339","346","326","361","378","388","396","366","375","351","418","355","398","412","441","445","445","521","482","506","538","522","554","554","676","655","663","703","728","774","750","761","701","638","593","592","564","563","537","557","550","522","522","451","481","461","475","469","456","406","444","410","376","380","374","338","344","349","332","306","284","297","247","244","223","193","164","169","169","148","122","129","108","107","98","73","71","58","60","38","54","38","30","20","13","13","9","9","3","5","9","2","5","8","0","1087","560","230","37021","2020-11-18","2020-11-18"
"34","","หญิง","150","186","193","233","251","224","272","249","233","228","276","280","293","291","251","333","328","333","328","355","378","449","445","480","443","455","462","460","443","457","455","437","441","484","448","475","493","458","502","483","511","498","566","516","501","480","503","486","521","520","517","499","538","582","602","567","563","505","586","590","542","546","532","486","509","511","459","473","415","419","371","326","288","272","268","254","230","254","200","236","202","189","172","135","142","125","124","100","86","71","47","44","33","34","14","12","12","16","7","8","4","8","0","628","277","20","35187","2020-11-18","2020-11-18"
"33","บางกอกใหญ่","ชาย","180","214","204","229","212","227","298","243","253","242","258","247","296","292","350","333","347","355","414","327","367","659","627","679","584","538","524","472","472","447","493","428","432","432","454","458","433","433","486","533","463","529","492","457","495","455","493","478","418","409","442","439","431","479","462","446","482","456","479","466","410","385","395","357","392","333","320","333","321","273","266","227","192","175","169","169","147","158","139","143","133","111","103","94","86","60","74","44","49","26","19","23","10","15","11","10","8","1","3","3","2","6","0","759","278","49","32024","2020-11-18","2020-11-18"
"32","","หญิง","310","350","366","324","364","427","435","450","445","444","463","518","487","518","532","505","559","576","617","613","690","785","750","831","759","810","796","752","762","680","704","675","743","742","795","785","829","790","810","869","767","863","848","794","807","792","817","798","854","824","929","917","846","868","894","877","913","884","902","901","866","868","834","754","795","704","704","655","674","620","518","504","425","424","381","391","352","325","286","352","304","278","284","255","229","172","194","191","143","109","82","90","58","41","46","19","22","21","15","10","12","20","0","491","517","255","57045","2020-11-18","2020-11-18"
"31","ธนบุรี","ชาย","282","344","348","373","366","425","456","459","454","457","467","473","460","504","543","538","521","520","626","655","678","715","674","693","749","742","737","722","706","738","720","681","704","754","773","790","773","809","845","822","787","775","799","755","732","723","717","797","695","758","768","778","767","774","806","752","756","757","741","760","761","685","649","622","605","546","556","502","483","436","398","358","286","274","279","219","215","237","220","198","185","166","147","134","133","120","102","61","58","48","43","27","23","28","16","15","11","12","8","3","6","17","0","636","613","275","50709","2020-11-18","2020-11-18"
"30","","หญิง","198","230","234","240","249","241","286","266","276","326","379","415","379","354","343","371","357","355","398","300","292","365","372","411","428","443","410","407","445","438","460","433","483","495","503","492","534","577","581","579","579","555","568","559","600","595","585","602","580","570","559","553","495","539","558","517","506","508","504","460","457","421","417","451","397","370","356","355","392","308","289","276","252","251","204","226","204","198","162","166","177","177","179","127","131","120","100","90","87","72","63","60","37","41","34","22","21","14","14","11","5","14","0","572","182","209","35048","2020-11-18","2020-11-18"
"29","พญาไท","ชาย","200","223","266","235","258","258","296","302","317","322","402","436","400","353","359","351","361","326","372","354","362","1932","1511","617","507","510","469","501","494","459","482","411","457","460","478","484","445","467","484","488","468","482","431","474","493","480","484","479","479","479","464","493","426","442","456","417","402","476","444","390","408","315","321","296","316","250","252","264","228","256","204","176","148","153","154","134","134","118","106","139","100","87","86","70","80","72","72","55","34","30","18","25","18","20","8","9","3","3","3","4","4","6","0","686","292","1568","35293","2020-11-18","2020-11-18"
"28","","หญิง","37","51","49","56","72","47","80","64","59","75","67","96","76","84","96","95","109","115","123","116","94","136","149","140","147","131","140","134","156","118","176","140","123","132","136","130","162","139","163","164","138","146","201","148","160","156","203","174","171","143","188","165","168","172","210","201","196","182","239","207","203","192","203","186","223","198","185","170","177","169","176","152","138","108","104","120","97","83","77","85","79","71","59","91","62","65","53","38","41","27","28","16","15","10","4","11","5","5","4","1","1","3","0","206","289","13","12188","2020-11-18","2020-11-18"
"27","สัมพันธวงศ์","ชาย","49","52","40","56","58","65","98","74","57","66","91","77","96","100","100","115","103","117","151","115","116","145","120","147","164","148","147","160","151","164","162","148","135","141","154","172","148","142","142","148","136","187","165","180","149","147","174","171","142","157","160","156","140","159","169","161","165","170","153","157","170","185","190","172","130","178","143","151","143","146","136","98","109","65","72","71","62","68","70","67","64","48","39","47","31","30","29","22","26","14","14","12","9","7","5","5","4","2","5","0","2","7","0","356","411","20","11467","2020-11-18","2020-11-18"
"26","","หญิง","251","304","302","302","342","339","369","349","303","366","361","372","368","372","416","368","411","428","412","441","437","490","525","511","457","482","509","495","529","505","547","454","521","590","616","655","635","670","662","715","650","682","694","656","674","620","607","674","645","652","664","623","600","625","685","658","622","604","665","625","528","550","562","556","593","489","456","481","458","462","377","298","314","259","244","226","192","229","184","166","176","145","157","126","134","111","102","69","75","67","59","38","41","18","25","14","15","14","9","9","7","20","0","591","595","31","41378","2020-11-18","2020-11-18"
"25","ยานนาวา","ชาย","236","314","295","327","366","344","371","376","384","410","367","388","394","401","451","406","443","408","478","377","454","456","517","536","514","500","460","486","517","501","549","508","537","546","565","560","618","573","592","591","548","551","587","528","504","515","520","487","514","485","503","512","475","486","533","510","489","451","493","487","459","467","447","406","400","402","376","368","352","342","259","247","211","200","190","197","139","143","113","139","107","96","86","93","73","63","49","56","44","35","30","25","25","11","13","10","9","8","8","8","7","11","0","716","881","38","36653","2020-11-18","2020-11-18"
"24","","หญิง","803","893","891","909","954","973","1065","1080","1040","1044","1052","1079","1069","1108","1161","1144","1146","1093","1147","1106","1146","1327","1376","1380","1276","1292","1276","1283","1259","1190","1211","1203","1348","1424","1470","1502","1606","1695","1683","1735","1659","1679","1692","1574","1541","1559","1627","1722","1638","1623","1616","1567","1557","1565","1468","1408","1367","1252","1294","1116","998","937","820","754","820","744","673","647","584","568","429","396","336","310","316","304","259","324","246","253","220","210","192","160","130","133","108","71","70","62","52","54","29","29","16","22","13","5","1","7","3","11","0","280","226","163","91948","2020-11-18","2020-11-18"
"23","ลาดกระบัง","ชาย","801","961","975","1026","1098","1087","1180","1034","1072","1045","1091","1139","1138","1194","1208","1235","1147","1111","1197","1125","1215","1157","1249","1280","1205","1156","1229","1165","1222","1129","1109","1038","1150","1219","1250","1386","1452","1497","1468","1497","1368","1487","1451","1441","1388","1370","1419","1485","1400","1467","1344","1370","1286","1382","1368","1198","1145","1043","1060","951","806","823","778","654","686","591","545","467","464","390","343","317","276","228","261","211","166","196","140","173","173","109","108","85","90","74","53","56","40","35","26","20","15","12","6","11","3","8","5","2","3","7","0","353","329","216","83714","2020-11-18","2020-11-18"
"22","","หญิง","602","684","672","732","785","773","915","869","838","938","908","961","935","950","938","965","1001","912","971","922","991","1104","1095","1151","1031","1035","1095","972","957","899","927","867","940","1001","952","1075","1091","1194","1285","1246","1263","1285","1292","1312","1307","1290","1340","1405","1410","1381","1430","1339","1287","1282","1248","1178","1137","1067","1032","974","856","825","749","681","683","627","587","553","525","449","420","360","284","292","299","298","234","254","202","206","193","185","157","120","111","105","85","80","67","57","32","35","18","24","12","13","7","7","9","2","0","8","0","355","211","399","75114","2020-11-18","2020-11-18"
"21","มีนบุรี","ชาย","633","730","742","798","810","871","943","941","897","955","919","913","968","1028","1002","975","988","914","976","915","979","1008","1004","1062","963","994","964","944","872","848","831","770","854","871","879","972","1010","1020","1042","1092","1072","1069","1144","1112","1012","1077","1124","1164","1108","1115","1160","1114","1069","1110","1027","1029","940","868","870","776","722","672","606","571","570","471","506","438","382","377","318","272","214","197","204","188","141","185","140","128","128","117","83","88","73","45","45","39","29","26","24","17","12","6","11","7","9","1","5","5","4","2","0","476","319","467","67197","2020-11-18","2020-11-18"
"20","","หญิง","231","273","344","289","368","322","373","353","360","373","376","395","379","405","457","428","450","500","512","507","491","609","667","641","593","631","656","705","716","668","700","621","645","668","713","822","746","732","822","823","754","814","773","748","748","729","748","790","738","727","781","805","788","775","851","803","791","726","770","745","760","740","638","638","665","632","528","549","535","476","438","416","321","331","290","291","276","271","226","244","235","168","177","171","157","158","139","107","98","72","65","63","42","31","26","22","9","14","11","9","6","10","0","531","294","34","48682","2020-11-18","2020-11-18"
"19","พระโขนง","ชาย","252","297","302","313","365","325","392","378","357","382","367","434","400","416","450","473","430","403","526","452","505","597","560","652","608","577","585","629","664","589","644","562","640","611","632","629","626","689","650","638","593","635","630","566","638","565","607","607","628","614","571","587","568","642","664","615","557","543","595","610","519","555","505","435","435","434","415","391","393","354","320","261","249","237","234","189","159","183","104","148","142","139","110","113","65","89","72","57","44","34","31","20","14","11","4","8","3","8","8","4","3","11","0","629","337","43","40555","2020-11-18","2020-11-18"
"18","","หญิง","96","105","109","122","124","135","159","155","130","137","125","162","163","144","187","182","209","220","238","213","216","258","246","315","257","294","273","280","263","247","287","256","227","303","242","297","264","250","310","282","299","316","309","321","312","303","300","285","334","295","330","297","355","356","374","349","338","350","399","411","376","353","367","345","378","365","331","352","320","284","315","243","201","167","163","157","149","163","143","163","159","134","121","127","109","97","94","79","60","53","51","36","27","16","16","12","8","7","9","6","5","15","0","1069","508","221","23489","2020-11-18","2020-11-18"
"17","ป้อมปราบศัตรูพ่าย","ชาย","93","142","145","140","137","148","155","165","168","171","182","221","195","202","218","196","208","250","236","231","239","267","285","292","296","297","301","296","262","316","321","260","274","262","237","250","278","272","284","319","316","314","312","286","253","307","307","299","286","259","285","341","272","311","286","337","275","329","331","324","321","309","297","272","299","288","270","267","257","239","228","194","155","153","116","104","136","100","94","108","108","99","79","86","65","50","56","41","32","29","23","22","14","17","14","15","13","14","10","6","5","19","0","1147","582","218","22212","2020-11-18","2020-11-18"
"16","","หญิง","108","131","140","151","132","162","178","138","172","176","156","159","188","200","247","223","237","225","303","397","418","470","485","482","430","430","367","317","348","318","339","289","313","327","316","333","319","357","343","342","342","346","353","350","307","287","346","354","347","368","358","334","345","371","348","365","360","341","363","370","335","292","343","279","332","311","308","290","289","282","214","193","157","147","152","125","137","137","102","114","125","101","97","80","86","73","97","59","63","37","27","25","29","15","14","9","9","3","4","9","4","10","0","1040","1059","519","26254","2020-11-18","2020-11-18"
"15","ปทุมวัน","ชาย","95","140","122","139","162","162","161","174","174","187","184","201","181","228","215","228","215","227","250","245","255","234","279","292","277","268","303","279","281","277","287","246","258","265","270","277","297","311","350","283","283","297","287","290","257","257","263","277","266","290","301","300","281","283","291","293","267","281","273","277","246","255","266","254","226","255","207","221","222","189","182","165","132","110","110","89","94","89","78","85","82","71","72","50","46","50","37","30","23","24","10","14","14","13","7","5","5","5","9","10","6","12","0","1171","1300","694","22128","2020-11-18","2020-11-18"
"14","","หญิง","483","625","652","580","642","648","752","721","688","699","727","762","717","761","806","801","863","858","865","829","802","917","962","967","916","925","938","960","980","963","985","918","1019","1156","1196","1267","1368","1447","1494","1539","1506","1575","1508","1487","1381","1374","1500","1489","1506","1452","1427","1390","1223","1290","1327","1243","1183","1160","1225","1117","986","962","963","946","865","838","797","768","694","656","651","554","480","460","464","355","380","376","309","321","323","280","268","250","214","166","177","134","126","98","89","68","52","31","29","27","21","14","9","9","4","10","0","609","436","131","79961","2020-11-18","2020-11-18"
"13","บางกะปิ","ชาย","513","609","613","643","697","716","792","778","675","755","794","831","782","831","859","869","822","804","831","768","821","853","850","1001","905","924","925","849","917","908","939","799","886","900","1065","1022","1105","1121","1267","1159","1268","1179","1152","1145","1108","1086","1134","1146","1105","1094","1061","1013","962","985","915","921","897","901","864","878","720","775","713","676","649","606","540","561","524","488","399","390","338","275","292","261","252","219","205","229","189","168","167","137","110","85","79","69","63","45","35","23","23","8","10","11","8","7","5","5","3","9","0","798","532","167","66880","2020-11-18","2020-11-18"
"12","","หญิง","606","721","728","747","839","810","907","863","878","832","835","849","903","983","967","977","1016","1048","1115","980","1042","1273","1233","1333","1224","1222","1272","1221","1271","1206","1257","1198","1304","1417","1470","1555","1759","1733","1835","1887","1770","1784","1824","1718","1754","1722","1779","1881","1819","1791","1815","1847","1745","1816","1750","1616","1628","1523","1565","1424","1353","1305","1273","1134","1147","1005","967","906","894","881","725","665","625","579","545","505","456","476","387","395","372","328","310","288","250","182","215","168","136","106","75","76","64","49","35","24","23","15","2","8","7","26","0","640","306","124","99939","2020-11-18","2020-11-18"
"11","บางเขน","ชาย","628","736","809","778","869","906","928","967","933","917","948","927","957","926","1054","974","973","1011","1078","1091","1127","2320","2127","1448","1251","1289","1299","1257","1251","1197","1236","1168","1195","1271","1362","1363","1480","1543","1557","1625","1524","1577","1495","1557","1493","1436","1514","1485","1481","1548","1599","1549","1367","1452","1504","1362","1335","1294","1310","1199","1096","1005","921","846","780","706","720","655","622","584","498","498","449","416","347","331","301","320","254","251","234","184","198","183","154","128","119","88","77","67","43","56","18","22","13","15","7","9","8","3","3","12","0","1105","423","758","91384","2020-11-18","2020-11-18"
"10","","หญิง","89","109","98","109","119","122","124","116","117","125","159","142","135","169","182","186","163","152","177","172","182","233","259","258","230","240","254","230","271","227","255","234","236","257","282","281","274","266","291","275","316","296","314","288","276","286","295","302","278","277","298","273","289","316","315","339","342","320","337","336","307","323","300","310","353","275","295","314","309","294","279","221","192","181","156","148","166","147","121","155","160","106","123","109","81","89","81","67","51","40","50","23","35","23","12","13","12","10","7","5","3","8","0","4299","786","411","25343","2020-11-18","2020-11-18"
"9","บางรัก","ชาย","74","97","110","118","135","148","151","145","148","125","168","170","149","158","140","161","155","169","200","179","157","228","195","225","231","235","242","241","235","239","277","248","233","239","228","241","262","273","267","266","253","242","235","244","239","260","227","281","236","254","233","256","227","252","235","219","238","223","251","251","228","239","237","234","233","220","215","205","202","229","173","170","142","124","122","105","105","103","73","84","91","72","63","60","45","47","34","34","23","21","15","15","21","10","6","4","2","5","1","2","2","9","0","4731","1144","446","22864","2020-11-18","2020-11-18"
"8","","หญิง","861","975","919","1015","1027","1081","1115","1124","1115","1106","1205","1238","1201","1275","1233","1255","1228","1236","1247","1195","1266","1402","1329","1431","1295","1283","1300","1282","1318","1190","1060","1105","1160","1214","1191","1376","1401","1410","1511","1562","1485","1642","1639","1591","1625","1573","1567","1740","1573","1653","1609","1533","1473","1448","1305","1180","1083","1051","1036","910","806","814","690","681","658","596","609","558","470","443","444","347","310","301","290","269","213","292","216","255","200","204","174","132","109","129","98","68","71","62","49","44","33","24","25","15","9","8","6","7","4","11","0","270","125","73","88665","2020-11-18","2020-11-18"
"7","หนองจอก","ชาย","974","1030","1069","1064","1094","1170","1208","1213","1177","1274","1218","1346","1273","1277","1267","1276","1306","1234","1292","1283","1297","1287","1265","1348","1237","1280","1231","1204","1141","1102","1043","1052","1109","1146","1142","1256","1242","1343","1374","1372","1390","1378","1416","1467","1465","1446","1455","1589","1469","1518","1565","1440","1374","1323","1265","1170","1053","962","980","834","713","694","620","558","573","492","478","455","380","389","379","289","256","251","199","224","168","199","162","142","148","139","109","89","77","76","67","60","53","29","27","22","20","20","10","8","4","7","3","4","2","6","0","328","178","143","84325","2020-11-18","2020-11-18"
"6","","หญิง","226","234","238","275","300","323","307","291","275","304","352","323","310","333","395","385","396","403","508","607","616","697","622","548","494","533","532","459","498","486","445","437","487","479","478","494","518","507","537","504","509","524","566","542","539","548","576","551","537","595","581","645","657","672","716","711","717","695","769","666","631","544","616","618","611","507","569","482","509","455","442","394","349","370","321","327","339","314","269","250","296","243","266","253","212","201","202","185","150","114","106","93","81","61","64","69","50","42","36","23","29","66","0","1,197","282","634","43344","2020-11-18","2020-11-18"
"5","ดุสิต","ชาย","207","282","276","292","283","333","377","343","316","342","350","333","351","387","363","394","417","446","445","427","474","3102","2762","1003","853","708","661","629","587","568","538","512","549","597","608","584","584","625","581","591","569","584","569","538","644","553","530","534","574","557","631","610","597","614","733","666","670","723","735","701","626","530","532","479","466","454","472","413","396","323","353","317","268","261","254","249","213","238","226","222","234","262","211","168","203","156","162","134","116","89","89","70","84","57","55","48","45","47","41","33","22","74","0","2592","474","2340","51510","2020-11-18","2020-11-18"
"4","","หญิง","94","111","131","121","113","140","151","162","177","266","352","419","311","238","240","228","225","266","272","254","255","297","326","363","304","300","321","302","267","254","309","277","299","280","303","294","322","302","348","349","368","374","405","395","438","401","413","407","405","358","375","349","352","352","381","362","375","369","400","392","408","390","402","385","367","365","349","353","320","347","277","273","248","228","199","203","163","172","154","213","178","164","143","130","137","116","109","86","63","52","61","53","39","30","21","15","11","16","8","4","10","13","0","335","309","31","25964","2020-11-18","2020-11-18"
"3","พระนคร","ชาย","106","128","128","116","151","151","169","170","165","274","421","524","356","241","277","235","215","249","297","315","278","418","491","353","302","332","323","284","299","317","326","260","293","310","277","310","283","315","316","315","337","335","354","330","323","307","326","343","343","331","341","359","288","325","303","325","335","380","363","333","313","303","347","305","290","314","285","287","273","270","223","213","164","143","135","168","120","123","129","90","122","101","110","95","82","62","60","50","41","39","27","18","19","14","20","16","8","6","12","12","6","17","0","616","455","144","24418","2020-11-18","2020-11-18"
"2","","หญิง","19034","21884","22173","23224","24459","25097","27939","26884","26092","27468","28189","29485","29276","30071","30857","30702","31169","31276","34016","32281","33681","38842","39612","40790","38262","38275","38593","38156","38420","36865","37649","36142","38537","41306","42107","44279","46266","47438","49198","49285","48313","49256","49214","47593","47653","46485","48491","50015","49086","48407","49737","47926","46885","48273","48410","46777","45859","43977","44865","42751","39549","38355","37034","34988","35190","32513","31149","30035","28169","26890","23750","20936","18945","17476","16613","15697","14498","14623","11978","13205","12113","10979","10421","9129","8137","6932","6737","5503","4646","3978","3355","2864","2177","1648","1302","1058","808","669","480","364","309","807","0","53,388","20,029","12,517","2997195","2020-11-18","2020-11-18"
"1","กรุงเทพมหานคร","ชาย","20008","22896","23488","24242","26002","26835","28957","28190","27643","28836","29341","31080","30740","31129","32179","31871","31822","31413","34732","32473","34296","44259","45762","41187","38187","37871","37755","37314","37004","35524","36164","34023","35597","37509","38217","39530","40451","41885","43272","43405","41588","42220","42223","40736","40358","39316","40749","41864","41013","40277","41345","40089","38542","39709","40076","38213","37053","35910","35784","34146","31525","29856","28855","26381","26264","24436","23124","22034","20816","19568","17174","15204","13434","12246","11553","10837","9710","9700","8088","8407","7838","7068","6477","5439","4844","4107","3794","2932","2495","2015","1659","1381","1099","855","672","599","465","393","371","311","233","649","1","63,682","26,513","20,049","2679453","2020-11-18","2020-11-18"